{
    "parent": "block/cube",
    "textures": {
        "particle": "block/spawner",
        "all": "block/spawner"
    },

  "elements": [
    {
      "from": [ 0, 0, 0 ],
      "to": [ 16, 16, 16 ],
      "faces": {
        "down":  { "texture": "#all", "cullface": "down" },
        "up":    { "texture": "#all", "cullface": "up" },
        "north": { "texture": "#all", "cullface": "north" },
        "south": { "texture": "#all", "cullface": "south" },
        "west":  { "texture": "#all", "cullface": "west" },
        "east":  { "texture": "#all", "cullface": "east" }
      }
    }
  ]
}