{
	"credit": "Made with Blockbench",
	"ambientocclusion": false,
	"textures": {
		"particle": "block/azalea_plant",
		"plant": "block/azalea_plant"
	},
	"elements": [
		{
			"from": [0, 16, 0],
			"to": [16, 16, 16],
			"faces": {
				"up": {"uv": [0, 0, 16, 16], "texture": "#top", "cullface": "up"},
				"down": {"uv": [0, 16, 16, 0], "texture": "#top"}
			}
		},
		{
			"from": [0, 5, 0],
			"to": [16, 16, 0.01],
			"faces": {
				"north": {"uv": [0, 0, 16, 11], "texture": "#side", "cullface": "north"},
				"south": {"uv": [16, 0, 0, 11], "texture": "#side"}
			}
		},
		{
			"from": [0, 5, 15.99],
			"to": [16, 16, 16],
			"faces": {
				"north": {"uv": [16, 0, 0, 11], "texture": "#side"},
				"south": {"uv": [0, 0, 16, 11], "texture": "#side", "cullface": "south"}
			}
		},
		{
			"from": [0, 5, 0],
			"to": [0.01, 16, 16],
			"faces": {
				"east": {"uv": [16, 0, 0, 11], "texture": "#side"},
				"west": {"uv": [0, 0, 16, 11], "texture": "#side", "cullface": "west"}
			}
		},
		{
			"from": [15.99, 5, 0],
			"to": [16, 16, 16],
			"faces": {
				"east": {"uv": [0, 0, 16, 11], "texture": "#side", "cullface": "east"},
				"west": {"uv": [16, 0, 0, 11], "texture": "#side"}
			}
		},
		{
			"from": [0.1, 0, 8],
			"to": [15.9, 15.9, 8],
			"rotation": {"angle": 45, "axis": "y", "origin": [8, 8, 8], "rescale": true},
			"faces": {
				"north": {"uv": [0, 0, 16, 16], "texture": "#plant"},
				"south": {"uv": [0, 0, 16, 16], "texture": "#plant"}
			}
		},
		{
			"from": [8, 0, 0.1],
			"to": [8, 15.9, 15.9],
			"rotation": {"angle": 45, "axis": "y", "origin": [8, 8, 8], "rescale": true},
			"faces": {
				"east": {"uv": [0, 0, 16, 16], "texture": "#plant"},
				"west": {"uv": [0, 0, 16, 16], "texture": "#plant"}
			}
		}
	],
	"display": {
		"thirdperson_righthand": {
			"rotation": [-17, 0, 0],
			"translation": [0, 0, 1.75],
			"scale": [0.43, 0.43, 0.43]
		},
		"firstperson_righthand": {
			"rotation": [-19, 23, 0],
			"translation": [-2, 2, 0.25],
			"scale": [0.5, 0.51, 0.5]
		},
		"ground": {
			"scale": [0.4, 0.4, 0.4]
		},
		"gui": {
			"rotation": [45, 45, 0],
			"translation": [0, -1.5, 0],
			"scale": [0.66, 0.67, 0.66]
		}
	}
}