{
	"parent": "item/handheld",
	"textures": {
		"layer0": "item/carrot_on_a_stick"
	},
	"overrides":[
	{ "predicate": { "custom_model_data":234857}, "model": "minecraft:item/green_dye"},
	{ "predicate": { "custom_model_data":237195}, "model": "minecraft:item/white_dye"},
	{ "predicate": { "custom_model_data":349223}, "model": "item/custom/magicwand"},
	{ "predicate": { "custom_model_data":349278}, "model": "item/custom/lightningrod"},
	{ "predicate": { "custom_model_data":567321}, "model": "item/custom/rooton"},
	{ "predicate": { "custom_model_data":567322}, "model": "item/custom/rootoff"}
	]
}





