{
	"parent": "item/handheld",
	"textures": {
		"layer0": "item/carrot_on_a_stick"
	},
	"overrides":[
	{ "predicate": { "custom_model_data":23153}, "model": "item/custom/healer"},
	{ "predicate": { "custom_model_data":123876}, "model": "item/custom/toxin"},
	{ "predicate": { "custom_model_data":234876}, "model": "item/custom/jumper"},
	{ "predicate": { "custom_model_data":238271}, "model": "minecraft:item/bone"},
	{ "predicate": { "custom_model_data":293276}, "model": "minecraft:block/amethyst_block"},
	{ "predicate": { "custom_model_data":821872}, "model": "minecraft:item/bamboo"},
	{ "predicate": { "custom_model_data":933186}, "model": "item/custom/shock"}
	]
}




